start_time,min,max,mean,std,num_waveforms
2025-06-02T17:43:36.885753+08:00,-81,87,-0.3851875,11.063617992765465,35
